ClientID,Gender,Name,Region
1353110,M,Zeus Odetta,NE
168163,M,Eliza Aye,SW
7170,M,Claude Janissa,SE
747320,F,Coreena Renada,NE
754670,M,Laurance Kalishia,NE
505229,F,Doretta Harper,NE
43851,F,Marilla Raylynn,NE
173492,F,Charmion Jehnna,NE
858199,M,Stoney Linn,SW
93728,F,Essie Lupie,NE
1739759,F,Kihanna Aahan,NE
949830,F,Valicia Gaylen,SW
1482526,M,Josejuan Peretz,NE
1298722,M,Jarmaine Azyriah,SE
192952,F,Odetta Tomas,SW
1521765,F,Kodi Keeley,SE
1293802,M,Jamaal Shawnese,NE
937863,M,Hamed Francheska,SE
1136307,M,Carrington Annjeanette,NW
1174506,F,Niara Darlyn,NE
1247112,M,Keywon Tarrin,NE
1733001,F,Carlene Fatimah,NE
1615418,M,Sumedh Bina,SE
1373024,F,Miraya Nolah,NE
343967,F,Joyclyn Jahari,NW
1505771,M,Dante Letetia,NE
1413531,M,Ayan Cosme,NE
1318393,F,Zyana Ether,NE
350306,F,Clydie Lucile,SW
1286960,F,Nori Jullian,SW
390099,M,Robin Tawnie,SE
1457936,F,Cassia Soledad,SE
1304967,F,Shyla Edd,NE
193908,F,Evalyne Hulises,SE
1516759,M,Shyquan Onie,SW
1475741,M,Nomar Abdinasir,NW
941263,M,Levander Rosalio,NE
1185267,F,Kristee Geralyn,NE
1240877,M,Izaac Valene,NE
683162,F,Tammi Renell,SE
744765,F,Daneen Shammah,NW
1322337,M,Remy Melton,NE
99464,F,Mathilde Seraphina,NE
1612746,M,Haider Yatziry,NE
1610826,M,Erickson Thea,SE
1585385,M,Nassiah Ashlyn,SE
1156403,F,Trenell Traciann,SE
1651551,M,Dyon Orlando,SW
377593,F,Marcelline Lesle,SE
1462258,F,Gabrianna Jordon,NE
1738734,F,Shaeleigh Tylene,NE
546511,M,Frederico Jedediah,SE
533269,M,Gordon Blair,NE
972691,F,Kaylynne Marquasha,NE
1592970,F,Raena Clora,NE
162954,F,Azelle King,NE
856918,M,Byron Rondey,NE
1246381,M,Random Camile,NE
1473212,M,Jake Etheline,SE
1354966,M,Xayvion Icey,NE
1793837,F,Cayla Norvell,SE
1434066,F,Macaila Larence,NE
1125553,F,Terrell Makayla,SE
116870,M,Caleb Jalien,NE
858134,M,Christpher Tanganika,NE
761567,F,Peggie Farris,NW
1126375,F,Blaze Alysen,NE
22149,M,Sammie Tyrina,NE
1080922,F,Anahis Magic,NE
615399,F,Arlee Deeann,NE
643153,M,Deno Omega,SE
1501497,F,Hasna Edda,NE
6076,F,Florence Ricquel,SW
847910,F,Krysten Satomi,NE
1626678,F,Maha Trevone,SW
194134,F,Lilias Jennifier,SE
1620112,M,Kardell Hallee,NE
284592,M,Warnie Marlin,NE
871257,F,Chareese Lotta,NW
801186,F,Melenda Kwan,NW
977457,M,Perrin Aleida,NE
501769,M,Loring Cornel,SE
107912,F,Roselia Meribeth,NE
436466,F,Cenaida Flora,NE
378475,F,Sina Nidia,SW
842522,M,Andray Javier,NE
473086,F,George Crysta,NW
550883,F,Amie Hector,NE
631241,M,Arlon Fanniemae,NE
1775432,F,Surenity Helyn,SE
48167,M,Lyle Daivd,NE
579717,F,Vereen Sao,NW
781813,F,Shevonne Mynor,NE
652706,F,Radhika Lizzette,SE
1199043,F,Kiyana Efrem,SE
1768184,F,Zarianna Myra,NE
714503,F,Rebbeca Wanita,SW
1819047,M,Chosen Beeta,SW
627034,F,Aleda Sameka,NE
1721720,M,Savva Shernell,NE
1372325,F,Tamala Jerimyah,SE
922777,F,Callie Ivo,NW
796550,F,Brandyn Dolph,SW
1769204,F,Naveya Nelda,SE
548099,M,Rollo Frederica,SW
157048,M,Hinton Marcelina,NW
1468252,F,Shaynah Cejay,SW
722308,M,Lori Kolbey,SE
343724,F,Caldonia Densil,SW
567786,F,Terrena Emma,SW
682708,M,Rayme Cassity,SW
1096921,F,Kaisha Liborio,NE
678458,M,Preston Ludwig,SE
65043,M,Walker Zahcary,SE
234456,F,Doreen Sammuel,NE
1322378,M,Vladimir Kameron,NE
452458,F,Nedra Kristel,SW
1509767,M,Jovanie Michaiah,NE
1574877,M,Syncere Maryan,NE
346329,M,Benjaman Onelia,NE
1648574,M,Shamel Charles,NE
1808717,F,Yosselyn Gertie,NE
703128,F,Eduardo Orlean,NE
291006,M,Orlo Elisabeth,SW
1277304,F,Christin Marlen,SE
928699,F,Gittel Tanja,SW
388702,F,Joyann Lianna,NE
1457632,F,Bentley Taylon,SW
788447,M,Nunzio Jessee,NW
670005,F,Connie Frederic,NE
948940,F,Noa Ohad,NW
1236601,F,Caylynn Quartez,SW
892125,F,Symphony Josalynn,NE
1082428,F,Adreena Clotilde,NE
1692189,F,Lea Margueritte,SE
1751555,M,Tywon Rychelle,NE
582894,M,Bretton Claris,NE
30708,M,Wayman Vonceil,NE
914109,F,Likisha Dennie,NW
867941,F,Isaac Jedadiah,NE
1812169,M,Felipe Najah,NE
1019892,M,Jacen Royanne,NE
495896,F,Johnie Damariz,NE
1203732,F,Assyria Sylvie,SE
1609573,M,Heriberto Lexine,NE
1081629,F,Laketria Cashus,SE
625252,F,Lasonja Malinda,SE
658194,F,Johnnie Sullivan,SE
1375025,F,Kearney Jontae,NW
835553,F,Khaleedah Palmira,SE
1198007,F,Sonja Erykah,NE
1110863,M,Ernie Zarion,NW
1097165,F,Janaya Tya,NE
1781340,M,Jarrell Niles,SW
713163,F,Micki Macaria,SW
226525,F,Evelyna Fred,SE
852784,F,Andretta Tempie,NW
799795,F,Nuria Gordon,NW
1156495,F,Alaena Ulani,NE
1053965,F,Huma Severiano,SE
1422152,M,Jilberto Terresa,NE
1495121,F,Shayley Orland,NW
242709,M,Severino Earlon,NW
1482017,M,Yousaf Kenna,NW
1738443,F,Maleiya Tyjon,NW
1261822,F,Jaine Darline,SE
1376243,F,Dashonna Decklin,SW
1429510,F,Elyzabeth Leah,NW
181672,F,Libbie Hertha,NE
1636965,F,Demy Tyresha,NW
1605876,F,Calliana Rudy,NW
794161,F,Michaelle Samson,NE
298395,F,Bernestine Marleni,SE
1349077,F,Macheala Ryker,NE
1663982,F,Angelli Juaquin,NE
756359,M,Weylin Donnette,NW
1699068,F,Aivah Ole,SW
760589,F,Cassaundra Danial,NE
650380,F,Garnett Bobi,SW
461004,M,Vicki Nelson,SE
374178,M,Waylan Mei,NE
1262844,F,Zella Marden,NE
902245,M,Lovett Derrian,SE
559574,M,Ivin Lousie,NE
333948,F,Correne Morgen,SW
1122978,F,Haili Mell,SW
1070101,F,Laurie Zayd,NE
12166,M,Ethel Alante,SW
1505845,M,Chandler Loreen,SE
812079,F,Alea Malea,NE
333589,F,Texie Cassie,NE
1516097,M,Isaaq Allison,NW
1427713,F,Iriana Jari,SW
200752,M,Arvol Cordie,NE
1432586,F,Manami Delray,NW
766378,F,Tarena Taneah,NW
1245969,M,Edmar Damarcus,NW
205448,F,Thomasena Carlean,NW
1413704,M,Nicolai Raniah,SE
1132403,F,Shykeyla Zaire,NE
658094,F,Verna Keanen,NE
875848,F,Wandra Wenda,SE
1131017,F,Aerin Sanna,SW
476273,F,Berdina Va,NE
82825,F,Arnie Dierdra,SW
1725232,M,Taichi Carlan,SW
1277202,F,Dylan Hilario,SE
567546,F,Marylon Loralei,NE
698466,F,Nena Carollynn,SE
255909,F,Delpha Ree,NE
50081,F,Izetta Cloyd,NE
305415,F,Rhona Simona,NE
1785012,M,Cali Carmine,SE
105121,F,Roxie Shanina,NE
139495,F,Bonita Garland,NE
512793,M,Lennon Jude,NE
1218949,M,Dontarious Jacklyn,NE
442098,F,Winnie Ottilie,NW
116429,M,Gregory Antonio,SE
1743954,F,Maekayla Marlena,SW
1773703,F,Zayiah Beatrice,NE
186571,M,Rene Jakobe,NE
365858,M,Berwyn Daryl,NE
122946,F,Estefana Idelle,NE
1048347,F,Bettina Robert,NW
279381,F,Aleathia Elayne,SW
237444,F,Murray Dezaray,NE
832501,F,Celita Janney,NE
1676720,F,Quaniya Tamyra,NE
798442,F,Eran Mahala,SW
1244370,M,Jwan Shatina,NE
80149,M,Aime Lavi,NE
1257834,F,Kevia Nelia,NE
1586062,M,Bodan Sonnie,NE
1530584,F,Emmali Alen,NE
1154986,F,Qwanesha Sunshyne,SE
1798658,F,Kamarie Goldie,SE
1614098,M,Chadd Xya,NE
990659,F,Shanquetta Roy,NE
1807888,F,Keigan Forbes,NE
1296112,M,Elio Hezekiah,SW
421156,M,Ludie Genevieve,SW
993350,F,Marleana Cooper,NE
780287,F,Nikkita Nkechi,SE
696203,M,Harman Natividad,NE
1534668,F,Harpreet Walton,SE
488459,F,Dollye Zakery,SE
1246506,M,Travez Katiria,NE
283896,M,Ledford Emelie,SW
1762270,F,Elani Olena,NE
1621077,M,Breylin Jami,NE
1570975,F,Bilan Dorene,NE
1640044,F,Venicia Oma,SE
1183440,F,Markaila Elton,SE
1795393,F,Ivie Victorialynn,NE
1073767,F,Laneisha Megann,NW
689619,F,Cinzia Kanda,NW
478443,M,Robert Mayme,SW
586707,F,Shan Shelanda,SE
1652617,M,Markavious Adi,NW
378964,F,Gailya Carman,SW
69007,M,Omar Navy,NE
649876,F,Andrina Adarius,NE
1564197,F,Lajada Lockie,NE
29460,F,Judy Delois,SW
348578,F,Myra Schyler,NE
707267,M,Milan Parks,SW
215477,F,Correne Classie,NW
1638957,F,Jaylaa Secret,SW
1367636,F,Sebrina Norberta,NE
306102,F,Montine Rasul,SE
767376,F,Mariaisabel Leeann,SW
1072032,F,Janis Maren,NE
868014,F,Shaletha Chris,SW
726506,M,Rip Marquita,NE
261581,M,Candelario Ralphy,NE
264277,M,Mickel Georgina,SW
1559818,F,Destaney Momodou,SW
348156,M,Loman Irvine,SE
1207718,F,Karynn Kyra,SE
566038,F,Maridee Texas,NW
320987,M,Berthal Shannon,SW
631164,M,Delwyn Liba,SE
1430751,F,Ashlye Antoniette,SE
1757468,M,Brenyn Jvon,SW
818915,F,Maritess Clariece,NE
237024,F,Zenaida Lang,SE
1021411,M,Chuong Neesa,NW
1375146,F,Leniya Jac,NE
686277,F,Shelisa Chaniyah,NE
1428739,F,Camrynn Jeri,NE
1479806,M,Hady Juliet,SE
747554,F,Rhodesia Anastacio,NE
850143,F,Anny Ruston,NW
317937,M,Dillard Callie,NE
1758537,M,Mycal Simon,SW
308232,M,Bruce Montrez,SE
906445,F,Cinda Jerel,SW
109527,M,Ewing Esra,SE
1318358,F,Yecica Dreena,NE
1575040,M,Yaseen Johann,NE
118860,M,Verland Winthrop,SE
1739095,F,Anoop Bayron,SW
619559,M,Gualberto Gertha,NE
504992,F,Bobby Cleason,NE
1474092,M,Jeramiah Destin,NE
91927,M,Roscoe Rolly,SE
842689,M,Isai Omaryon,NE
1240113,M,Latrell Wynn,NW
990162,F,Indigo Ahniyah,NE
962907,F,Alysa Yaritzy,NE
1085404,M,Estevan Burrell,NE
21358,F,Jennette Getsemani,NE
449357,M,Dion Gerardo,NW
390976,M,Frazier Maximo,SE
669396,M,Cari Antonia,SE
1173697,F,Kabrina Shirly,SE
242366,M,Darrold Loretto,NE
83289,M,Matthew Vernelle,NE
1636147,F,Mayia Sherian,SE
455658,F,Gabriela Belina,NW
1490058,F,Airam Amayrani,NE
1634158,F,Nikiyah Anita,SW
911327,F,Kriste Love,NE
1309749,F,Jaliah Linzy,SW
579829,M,Jeffery Aleesia,NW
1609563,M,Amani Ausha,NE
1659762,F,Elyn Rochelle,SW
548139,M,Verlan Earnie,NE
1712079,M,Thaddeus Santana,SW
758155,F,Betsy Tommye,NE
1529058,F,Jessamyn Jadin,NE
990335,F,Lachell Verena,SE
1241849,M,Ishan Maurie,NE
504146,M,Vincient Vashawn,SE
1531172,F,Tameka Fidelia,SE
760676,F,Cayce Stephany,NE
822761,M,Kiven Lorrayne,SE
1769503,F,Azrielle Dicie,NE
707788,M,Chrisopher Edris,SW
1473313,M,Andre Ronique,SW
1613156,M,Sahid Jessie,NE
155882,M,Clara Dorine,NE
645032,M,Fabrizio Jenniyah,SE
958877,M,Anoop Usman,NE
741722,M,Kourtney Kayron,NE
758008,F,Stefanie Romona,SW
1691556,M,Yifan Reba,NW
878560,M,Jenny Jennel,SE
244544,F,Violet Tawni,SE
1236164,F,Uzma Cornie,NE
702583,F,Georgana Tova,SE
1749994,M,Abubakr Rhona,NE
1590516,F,Soledad Keven,SW
108569,M,Lewis Sarajean,NW
1338324,F,Ilyssa Christiane,NE
873983,F,Tanielle Adlene,NE
123176,F,Arra Tiffin,NE
1450638,M,Jedrek Horatio,SW
520923,F,Valeree Lelsie,SE
855283,F,Delorise Gunnar,SE
384396,F,Sally Zeta,SE
1809042,F,Anndee Immanuel,NE
772903,M,Jonath Bridgid,NE
599656,F,Mel Amarian,NE
1823488,M,Aari Lissete,SE
335582,M,Troy Lorrayne,SE
395522,F,Elaina Ynez,NW
161599,F,Woodie Ebert,SE
572452,F,Barbara Dametrius,SE
1238994,M,Abel Verley,SE
1420099,M,Anthonyjoseph Dellie,SE
626298,F,Malena Adelyn,NW
1348380,F,Forum Dabriel,NE
455075,F,Cherylee Otis,NE
637033,F,Georgeanne Nekita,SW
68050,F,Van Byan,SE
90619,F,Fabiola Cinda,SE
1788736,M,Navi Antwan,SE
1813552,M,Laron Rosalee,SE
1244313,M,Isayah Julieana,SW
351532,F,Alinda Karan,SE
1628836,F,Cloee Tremon,SW
797464,F,Tanitra Jaimes,NE
465342,F,Yevonne Eira,SW
1184812,F,Garielle Bethani,SW
1449006,M,Hakop Aris,SE
76161,M,Jennings Robi,SE
696635,F,Brenda Adeline,NE
420182,M,Dwyane Marino,NE
1428028,F,Raquelle Billyjoe,NE
100781,F,Veatrice Zollie,SW
1405991,F,Starlee Jansen,NE
895802,M,Chester Suleima,SW
65062,M,Ulysses Kaylana,SE
823834,M,Aristidis Sheryll,NE
811943,F,Christan Tacia,SE
1491936,F,Angelis Carole,SE
885973,F,Donnetta Pradeep,NE
386017,F,Erika Mashell,SE
1224615,F,Tera Jalina,NW
1297646,M,Doron Kerilynn,SW
1352512,M,Tamar Ogden,NE
1783026,M,Even Vermelle,SE
720156,F,Ismelda Gunner,NE
640387,F,Katheren Vearl,NE
1278214,F,Jeannie Anastacio,NW
1299478,M,Teyon Niemah,SW
1532208,F,Romey Arta,SW
401350,M,Jerrol Arden,NW
1645140,M,Shepard Esteban,SW
348313,M,Velma Barbaraann,NE
7732,M,Hollie Audrey,SW
1645912,M,Zyan Cordell,SW
1139472,M,Brysen Raymundo,SW
1630519,F,Remie Safa,SE
1203689,F,Alahna Torrean,NE
1256881,F,Abbegail Ralpheal,NE
443832,F,Soledad Derral,NW
123895,F,Roseann Gavan,NW
499845,M,Thomas Haidee,SW
790299,M,Drexel Sharilyn,SW
1404585,F,Shilyn Courtland,SW
1802547,F,Athira Chip,SW
142809,F,Stephenia Amunique,SE
367231,F,Clarissa Bhavesh,SW
828976,F,Jessa Jomel,SW
743439,F,Necole Chevis,SW
1245582,M,Riese Dwight,SE
909876,F,Maresa Orianna,SE
278505,F,Avenell Emerita,NE
1227118,F,Mariadejesus Ahbree,NE
799231,F,Chandrika Jacquelynn,NE
302463,M,Dawn Emmersyn,NW
932845,F,Charmika Moshe,NE
486112,F,Elana Candis,NE
297473,F,Adrianna Sakira,NE
1797410,F,Connor Lyra,NE
27321,M,Dudley Reonna,NE
1013720,F,Dlisa Celena,NE
1378126,F,Charlina Saivion,NE
1698651,F,Naja Edrick,SE
1799598,F,Teagyn Erik,SW
292067,M,Aniello Gerri,SE
548509,M,Rody Briston,SW
1335236,F,Samya Sueann,NE
50908,F,Eutha Fidelia,NE
1769007,F,Janari Declan,SE
177260,M,Rosa Elisia,NE
318061,M,Estel Precious,NW
1026679,F,Kris Dawna,NE
771092,M,Taro Kavin,SE
1743028,F,Destinny Argelio,NE
429797,M,Duard Jemell,SE
844674,M,Vilas Rachelann,NE
1678805,M,Trenten Bennet,NE
526117,M,Polo Adiya,NE
927553,F,Gema Daurice,NW
1620468,M,Paras Phillip,SW
39966,F,Essie Eldean,NW
43030,F,Lizzie Ollie,SW
641098,M,Erik Emmet,SE
174849,F,Laverl Kaileah,NE
242437,M,Maron Collier,SE
1348192,F,Deira Kingston,SW
251464,M,Isamu Hatim,SW
552758,F,Elly Volney,NE
1509204,M,Truett Zamyah,NW
1170884,F,Tatiana Rory,NE
1027489,F,Terria Thelia,NW
1190678,M,Yahya Vick,NE
1262195,F,Lyasia Anastyn,SW
309799,M,Derwood Levon,NE
904203,F,Patti Winston,NE
958021,M,Ralphael Aayden,NE
1643250,M,Travis Doylene,NE
1417072,M,Rod Katherine,NE
863540,M,Rosco Arnette,NE
1441225,F,Talayja Rollie,NE
1343334,F,Amika Kordae,NW
270314,M,Gerald Jeremyiah,SE
719155,F,Kaley Laprecious,SW
1070948,F,Kerrie Lissa,SW
575612,F,Myrtice Lino,NW
186543,M,Booker Chaun,NE
936807,M,Damone Abigayle,NE
495770,F,Taffy Trelon,NW
396316,F,Verlee Reinhard,NE
473455,F,Elda Ryson,NE
277787,F,Loa Travas,SW
34672,F,Georgina Ahan,SW
759840,F,Tiffney Zubin,NE
587732,F,Francetta Shanicka,NE
197511,M,Haskell Lumir,SW
1622230,M,Money Millie,NE
1760289,F,Anneliese Kerwin,SW
588712,F,Geanette Lonn,NE
524067,M,Stevens Saxton,NE
329014,M,May Bradie,SE
153865,F,Ivery Krishawn,NE
710860,M,Edjuan Marlen,SW
740833,M,Cedrice Lashelle,NE
497919,F,Veva Deetra,SE
289504,F,Syliva Archer,NW
1162345,M,Nam Eliane,SW
320655,M,Dossie Henri,NW
1480268,M,General Elva,NE
109501,M,Eston Hadley,SW
1219767,M,Kainen Lige,NE
902723,F,Sandra Blayne,NE
555444,F,Dawanna Jennalyn,NE
33341,M,Eldon Miwa,NE
48016,M,Jacob Gana,SW
887657,F,Riva Kinzee,SE
522831,M,Micky Micha,NW
117723,M,Sinclair Joaquin,NE
1081374,F,Jacklyne Lorene,NE
1225983,F,Latavia Shanin,SE
619984,M,Robi Domnick,SE
224911,F,Vernia Brant,SE
380936,M,Burl Zacchaeus,NE
660101,F,Janett Safwan,NE
1248570,M,Marian Darryn,SE
107310,F,Thurza Keionte,NE
1707487,F,Krissia Reem,SE
610488,F,Jacqulyn Tiny,NW
894118,F,Haily Keiry,NW
243011,M,Augustino Manami,NW
1543470,M,Ikenna Amonie,NE
1492673,F,Dua Mussa,NW
690282,F,Valera Melita,SW
411462,M,Orris Rayleen,NE
519798,F,Roland Montrey,SE
930698,F,Jayma Maycen,NW
1001078,M,Delmas Darcia,NE
1540834,M,Kayne Siris,NW
319192,M,Valerian Caroyl,NE
1125431,F,Labrittany Dimetri,SE
1628643,F,Cherokee Boe,NE
83912,M,Annie Kitt,SE
8135,M,Rutherford Kasey,SW
625740,F,Durinda Jarvis,NE
1579043,M,Keylin Kashira,NE
1002342,F,Michael Lavonne,SW
1285934,F,Micheyla Dortha,SW
82901,F,Elthea Fredric,SE
21572,F,Minie Giulianna,NE
1064300,M,Darry Levon,NE
220534,M,Grafton Ashton,NE
27128,M,Glen Analina,SE
895138,F,Taleen Santasha,SE
1293536,M,Simeon Carmelia,SE
843026,M,Alistair Aliene,SE
1048867,F,Cherell Letha,SW
415740,F,Birdia Liane,SE
1174612,F,Miyah Effa,NE
1730612,F,Calise Glenden,NW
1097053,F,Anai Tameka,SW
97070,M,Elwin Annamarie,SE
568596,M,Millard Jalyssa,NE
1040056,M,Wynton Kathalene,SW
116015,M,Norman Rian,NE
21904,M,Marcus Jake,NE
1477874,M,Sirr Alma,SE
678106,F,Yovonda Rohan,SW
287829,F,Wanza Kyandre,NE
1583650,M,Imre Jeffrey,NE
1443806,M,Tayden Natalie,NE
479265,M,Columbus Machia,SE
570768,M,Gilles Eri,NE
39481,M,Bee Lou,NW
1426860,F,Avrie Roldan,SW
509033,F,Hali Darbi,SW
62708,F,Isabelle Charletta,SE
1546102,M,Kellon Darrold,NE
939818,M,Trauis Maddin,NE
810999,F,Imani Cardelia,NE
1598105,F,Daylene Menzo,NW
1687888,M,Rhyley Rory,SW
262657,M,Theodor Myrtle,NE
488835,F,Mireya Agustine,NE
1244853,M,Kahari Jeana,NE
52462,F,Sophia Bitha,NE
1070574,F,Jalissa Javion,NW
722149,M,Stephanie Makaila,SE
1542801,M,Ayoub Berdia,SW
1039379,M,Mikeal Clois,SE
1117042,M,Ching Yousuf,NE
914690,F,Sonyia Egan,NE
278646,F,Idora Remer,SE
861771,M,Jujuan Tiauna,SW
559661,M,Pepper Dara,NW
1704261,F,Jamilynn Hendrik,NE
665258,F,Tarnya Achilles,NE
1335789,F,Meriah Wannetta,SW
78966,F,Kelly Murray,SW
979521,M,Amadeo Marston,NW
718113,F,Dan Kourtney,SW
1080820,F,Veronnica Yessica,NE
1049701,F,Zuleika Kenja,NW
476195,F,Shifra Stefenie,SE
1665812,F,Taja Rudy,SW
655047,M,Damond Shellye,NE
319047,M,West Jayelyn,NE
7475,M,Carlos Wyona,NE
332968,F,Lupita Erric,SW
180318,F,Opal Monty,SW
638350,F,Deloras Arron,NE
1055037,F,Nai Jeymi,SW
1790367,M,Tyveon Marilyn,SE
280374,M,Roscoe Murray,NW
612144,F,Kristee Hardie,NW
421962,F,Jerrie Miguelina,SE
325310,F,Cornelius Dwight,SE
1767314,F,Aiyla Geraldean,NE
112885,F,Elfrieda Jelecia,NE
120545,F,Octavia Bert,NE
1049266,F,Carlin Barin,NW
586178,F,Eartha Ryli,NE
1405436,F,Kashmir Newell,NE
349101,F,Melissa Azari,NW
175110,F,Sarabelle Fausto,SW
1186235,F,Tikera Tatsuki,NE
1813135,M,Dovid Taishawn,NE
607527,M,Evelyn Nadine,NE
525746,M,Yisroel Betsy,NE
1802061,F,Evangelyne Silka,NW
1158585,F,Cindie Paxton,SE
657482,M,Verner Margaret,NE
1200513,F,Tommie Lenny,NE
1541935,M,Beaux Annemarie,NE
866416,F,Lerin Jiselle,NE
864665,F,Cecelia Miguel,SW
933958,F,Saramarie Minah,SE
249793,F,Mcneva Verdell,NE
853184,F,Kodie Aristide,NE
403866,F,Bonny Jolena,NW
1652335,M,Gradon Roxie,NE
102980,M,Amon Hilbert,NE
1086897,M,Aris Alaysiah,SW
1743406,F,Jameerah Enid,SW
1419249,M,Chijioke China,NE
1788311,M,Eljay Jalissa,NE
145336,M,Hervey Cassondra,NE
287664,F,Evalina Dary,NE
1746307,M,Finnian Ok,NW
980419,M,Coda Asia,SE
216461,F,Vincent Danelia,NE
394442,F,Alfreda Malachi,NE
1231556,F,Alee Orianna,SE
1554342,F,Karyme Sheryl,NE
1670897,F,Sybilla Guilianna,SW
880150,M,Fortino Delma,NE
1457310,F,Janely Star,NE
879337,M,Cederick Pason,NE
655731,M,Rondey Osiel,SE
210418,M,Jessee Cornelius,SE
796097,F,Tawonda Zaelyn,NE
1607034,F,Lanesia Sylvia,NE
374606,M,Janes Jayse,SE
1792455,F,Stella Karel,SW
1434727,F,Dymin Naseem,SE
1558001,F,Schuyler Allyna,SW
680081,M,Christen Audry,NE
360826,F,Arthella Zaelee,NE
780044,F,Clancy Golden,NE
1042815,M,Raphel Kamran,NE
1603347,F,Allyzon Demiana,NE
1545817,M,Aleister Cameo,SE
230721,M,Leonel Allee,SW
1164935,M,Alexio Fabio,NE
1372043,F,Khiara Ezekiel,SW
602629,F,Francenia Harutyun,SE
565041,F,Deletha Analysse,NE
415400,F,Pati Calista,NW
125498,M,Nicolas Vikram,SW
1743782,F,Kynslei Lore,NE
856895,M,Grant Palmer,SE
1355273,M,Colen Gladys,NE
227620,F,Margit Paige,SW
32761,M,Theodore Drexler,NW
1290224,F,Aanisah Ayshia,NW
1173878,F,Alexie Artha,NW
214730,F,Joetta Cristo,NE
1564989,F,Jerelyn Sanae,SE
1378388,F,Emeral Sapir,NE
1696021,F,Jaliya Sylvania,NW
561954,F,Leonor Monette,NE
7138,M,Charlie Hollyann,NE
275141,F,Alta Shekina,SW
1533271,F,Lakhia Hawkins,NE
909436,F,Sharri Erendira,NW
557183,M,Domenick Hattie,NE
947042,F,Jennier Roderick,NE
701848,F,Lexie Mallori,SW
1798652,F,Jernee Alena,NE
1451750,M,Judea Skyeler,NE
71662,F,Ted Michael,SE
1395755,F,Aide Merlyn,SE
1019337,M,Nolberto Makayla,SE
1076039,F,Evamarie Koleman,SE
396869,F,Eufemia Cyndel,NW
321666,F,Rosemarie Volanda,NE
545597,M,Domenick Zetta,SE
789186,M,Lindy Coreena,NE
1706556,F,Anacelia Ozell,NE
227451,F,Delena Keoka,NE
1242748,M,Raykwon Korianna,NE
1599404,F,Yachet Mir,NE
63589,F,Alease Tayler,SE
1548590,M,Bly Kizzie,NW
810797,F,Kandis Ashten,NW
679636,M,Kristin Catlin,SW
1706691,F,Avanelle Erynn,NE
542331,F,Lonie Tayten,SE
154572,M,Clement Teryl,NE
1656640,M,Kiron Delva,SW
398549,F,Cassondra Leonila,NE
1054218,F,Oanh Merilyn,NE
1622832,M,Yavuz Matthan,SW
1217189,M,Alexandr Lucile,SE
1120358,F,Mattie Nadirah,SW
506865,F,Tonnie Randisha,NE
507254,F,Johnie Yaneira,NW
1223717,F,Brittanie Lacy,NW
416096,F,Elsia Kay,NE
1341310,F,Haniyah Hart,SE
1530590,F,Eriyonna Evelyn,NE
146969,M,Nash Caryl,NE
177447,M,Tilden Maria,SE
1130978,F,Yamina Shaylon,NE
1075516,F,Roderica Rebecca,NE
1713488,M,Blane Jacky,SW
1439056,F,Amylynn Reiken,SE
1063250,M,Jayro Aliza,NE
1245380,M,Jiair Dorsa,NE
932813,F,Cashmere Paulita,SW
1103787,F,Franshesca Yonathan,NE
530344,F,Paulia Kairy,SW
773484,M,Gunther Daniel,SW
1682633,M,Zamar Antoine,NE
187520,M,Lou Andriy,SW
1471915,F,Laurah Exa,SW
1385871,M,Ridley Miranda,NE
535355,M,Jule Trenia,SE
85304,F,Joe Lelia,NE
1226692,F,Genessis Rosendo,NE
1231308,F,Markeesha Selisa,NE
1661320,F,Shani Harleigh,NE
683379,F,Rebekah Kamariana,NW
634011,F,Maryanne Zachariah,SE
1762332,F,Monserrath Alexsander,SE
1291,M,Roger Dezire,NE
952719,F,Iffany Daijah,NE
1350532,M,Rodney Buren,NW
1397785,F,Rayn Tiphanie,NE
222034,M,Isami Odie,NE
1538954,M,Isaac Rene,NE
161212,F,Lyndall Aisia,SW
490561,M,Ottis Janett,NE
115656,F,Joeanna Yony,SW
1009784,F,Roxy Milena,NE
885347,F,Janene Karissa,NE
466307,F,Cherly Antoinetta,NE
1123866,F,Jobeth Amor,NE
1442726,M,Atticus Ashkan,NE
603205,F,Bonetta Gaylord,SW
407960,F,Eufemia Ara,NE
826813,F,Lydia Deloras,SW
753715,M,Jessy Marva,SE
1220940,M,Nathenial Marybelle,SE
1205760,F,Kayti Kameron,SW
1325660,M,Terris Zakayla,SE
576003,F,Florita Malinda,NE
1803132,F,Siomara Megon,NE
1143962,M,Juana Ahlexis,SW
1441984,M,Jermaine Missael,NE
1535283,F,Maryum Alton,NE
1725087,M,Ryn Chelsea,NE
170686,F,Paulene Lindsee,SE
958680,M,Laronn Lillia,SE
316836,F,Gertude Branson,NE
995766,M,Monroe Brittanyann,SE
324419,F,Azalea Pheonix,SW
1664930,F,Juli Juna,NE
815292,F,Chavela Janiya,NE
275931,F,Jose Suleima,SW
34886,F,Lovey Kimia,NE
356482,M,Takeshi Sal,SW
1368013,F,Ladaisha Warner,NW
203277,F,Mertie Kymberlee,NE
907697,F,Joylynn Novalee,NE
1176532,F,Merrill Juneau,NE
818247,F,Dae Mikie,NE
1463341,F,Mahina Annarae,NE
1637388,F,Kimball Berna,SW
49411,F,Kate Delonte,NE
1706938,F,Demilade Dorsey,NE
1396305,F,Daelyn Kasia,SW
1380239,F,Zaraya Marit,NE
960716,M,Karis Ormond,NE
104022,M,Isador Lakaila,SW
993534,F,Orquidia Rube,SW
1035110,F,Yvonna Choua,SE
1507377,M,Eyan Caetano,NE
21104,F,Abby Maicol,NE
75552,M,Jake Vora,NE
767484,F,Nikeita Shterna,NE
285558,F,Joetta Gillie,NE
1354559,M,Tresean Katelee,NE
991503,F,Laretha Lei,NW
1053957,F,Hadassa Jonell,SW
444999,F,Solveig Muhammed,SW
1491587,F,Zurisadai Zacarias,SW
784,F,Golda Rebekka,NE
1574641,M,Geoffrey Farha,NE
72564,M,Hamp Rahsaan,NE
1712056,M,Stefan Sunday,NE
1463945,F,Mandolin Takao,NE
600803,F,Alfrieda Lawrence,SE
1666190,F,Renna Rhea,NE
123030,F,Luree Tacara,SE
1618496,M,Ezkiel Lafredrick,SE
925308,F,Cally Santonio,NE
516051,F,Joette Merly,SE
1469007,F,Eriyanna Basil,SE
1650839,M,Carmel Stafford,SW
393972,F,Lana Teddie,NE
1603962,F,Hazzel Jerlyn,NW
477362,F,Katherina Kacey,NE
1382585,M,Jaison Jackie,SE
1378221,F,Dannyelle Joe,NE
646731,F,Leeanne Valora,SE
1576531,M,Juandiego Jamir,SE
1535387,F,Nare Lola,SE
1624852,F,Ani Jahnasia,NE
53901,F,Gustie Dania,NE
1478719,M,Jaquay Monte,NW
1594009,F,Breindy Shineka,NE
1691709,F,Alexandra Muhammed,SE
692994,M,Chase Maui,NE
501253,M,Joan Dianne,NE
185240,F,Sterling Josie,SE
8052,M,Elihu Ardie,SW
1271058,M,Edouard Ivon,SE
514008,M,Crosby Lorren,NE
384631,F,Toni Cala,SW
1263284,F,Charlicia Makani,SE
1039022,M,Cliffton Cristie,NE
1646974,M,Tanush Auden,SE
1431275,F,Ginna Keala,NW
538919,F,Maude Einar,NW
696043,M,Chanin Dessie,NE
30582,M,Gaston Lucca,NW
352703,F,Aliceteen Jesi,NE
452711,F,Jaunita Sable,SW
1782393,M,Mazin Sirina,NE
924902,F,Rochell Mickale,NE
135498,M,Nestor Clarinda,SE
599415,F,Lennie Ollen,NW
655956,M,Wess Tabor,SW
50097,F,Vella Romuald,NW
249775,F,Marnell Dabney,NE
1012182,F,Estefana Anijah,SW
510805,M,Dennis Cathren,NW
1279005,F,Jamira Manuel,NE
993943,F,Teegan Synthia,SE
1067306,M,Catalino Kimiko,NE
1365291,F,Mackensie Noble,SW
550927,F,Devon Shawntae,NE
319260,M,Octave Naeem,NE
269457,F,Olar Madonna,SE
369346,F,Genora Patience,NW
1392059,M,Nikolaj Jerald,NE
1665591,F,Emmry Enrike,NW
890971,F,Lechelle Florencio,NW
840568,M,Llewellyn Menachem,NE
1688353,M,Chamberlain Tarell,SE
675226,F,Jamelle Lucita,NW
1070061,F,Jerrica Sadao,NE
1407076,F,Kerington Verden,NE
1348911,F,Klyn Lynell,SW
972678,F,Katana Aneya,SE
991925,F,Shanen Alvonte,NE
1588940,F,Reece Aime,NE
320201,M,Silver Thierry,NW
644519,M,Bary Remi,NW
623839,F,Teal Francina,SE
1013612,F,Daiana Shandreka,SE
663706,F,Delissa Deirdre,NE
1118660,M,Ledaniel Adriane,NE
407628,F,Randee Tehreem,NE
1242291,M,Baldemar Louie,NE
1460075,F,Biridiana Juwanna,SW
472002,M,Larance Sebastiana,SE
175291,M,Ray Ermadean,NE
1053152,F,Amandalynn Phebe,NE
946462,F,Andreya Sativa,NE
717927,F,Tannya Vatasha,NW
622355,F,Tawanna Harbert,NE
1214409,M,Rashaud Misbah,NE
1163216,M,Eryk Alanys,NE
